Workbook
Name Slicer_model_year: #N/A

Sheet Products
A1: product_id | B1: product_name | C1: brand_id | D1: brand_name | E1: category_id | F1: model_year | G1: list_price
A2: 1 | B2: Trek 820 | C2: 9 | D2: =_xlfn.XLOOKUP(C2, Brands!A:A, Brands!B:B) -> Trek | E2: 6 | F2: 2016 | G2: 379.99
A3: 2 | B3: Ritchey Timberwolf Frameset | C3: 5 | D3: =_xlfn.XLOOKUP(C3, Brands!A:A, Brands!B:B) -> Ritchey | E3: 6 | F3: 2016 | G3: 749.99
A4: 3 | B4: Surly Wednesday Frameset | C4: 8 | D4: =_xlfn.XLOOKUP(C4, Brands!A:A, Brands!B:B) -> Surly | E4: 6 | F4: 2016 | G4: 999.99
A5: 4 | B5: Trek Fuel EX 8 29 | C5: 9 | D5: =_xlfn.XLOOKUP(C5, Brands!A:A, Brands!B:B) -> Trek | E5: 6 | F5: 2016 | G5: 2899.99
A6: 5 | B6: Heller Shagamaw Frame | C6: 3 | D6: =_xlfn.XLOOKUP(C6, Brands!A:A, Brands!B:B) -> Heller | E6: 6 | F6: 2016 | G6: 1320.99
A7: 6 | B7: Surly Ice Cream Truck Frameset | C7: 8 | D7: =_xlfn.XLOOKUP(C7, Brands!A:A, Brands!B:B) -> Surly | E7: 6 | F7: 2016 | G7: 469.99
A8: 7 | B8: Trek Slash 8 27.5 | C8: 9 | D8: =_xlfn.XLOOKUP(C8, Brands!A:A, Brands!B:B) -> Trek | E8: 6 | F8: 2016 | G8: 3999.99
A9: 8 | B9: Trek Remedy 29 Carbon Frameset | C9: 9 | D9: =_xlfn.XLOOKUP(C9, Brands!A:A, Brands!B:B) -> Trek | E9: 6 | F9: 2016 | G9: 1799.99
A10: 9 | B10: Trek Conduit+ | C10: 9 | D10: =_xlfn.XLOOKUP(C10, Brands!A:A, Brands!B:B) -> Trek | E10: 5 | F10: 2016 | G10: 2999.99
A11: 10 | B11: Surly Straggler | C11: 8 | D11: =_xlfn.XLOOKUP(C11, Brands!A:A, Brands!B:B) -> Surly | E11: 4 | F11: 2016 | G11: 1549
A12: 11 | B12: Surly Straggler 650b | C12: 8 | D12: =_xlfn.XLOOKUP(C12, Brands!A:A, Brands!B:B) -> Surly | E12: 4 | F12: 2016 | G12: 1680.99
A13: 12 | B13: Electra Townie Original 21D | C13: 1 | D13: =_xlfn.XLOOKUP(C13, Brands!A:A, Brands!B:B) -> Electra | E13: 3 | F13: 2016 | G13: 549.99
... A322: 321 | B322: Trek Checkpoint ALR Frameset | C322: 9 | D322: =_xlfn.XLOOKUP(C322, Brands!A:A, Brands!B:B) -> Trek | E322: 7 | F322: 2019 | G322: 3199.99

Sheet Brands
A1: brand_id | B1: brand_name
A2: 1 | B2: Electra
A3: 2 | B3: Haro
A4: 3 | B4: Heller
A5: 4 | B5: Pure Cycles
A6: 5 | B6: Ritchey
A7: 6 | B7: Strider
A8: 7 | B8: Sun Bicycles
A9: 8 | B9: Surly
A10: 9 | B10: Trek

Sheet Search_Tool
A1: BIKE SEARCH TOOL
A2: Product Name | B2: Price | C2: Brand | D2: Model Year
B3: =IFERROR(VLOOKUP(A3, Products!B:G, 6, FALSE), "") | C3: =IFERROR(VLOOKUP(A3, Products!B:G, 3, FALSE), "") | D3: =IFERROR(VLOOKUP(A3, Products!B:G, 5, FALSE), "")
A5: Quantity | B5: 2
A6: Total Amount | B6: =IFERROR(B3 * B5, 0) -> 0

Sheet Dashboard
A1: Row Labels | B1: Number of products
A2: Trek | B2: 135
A3: Electra | B3: 118
A4: Surly | B4: 25
A5: Sun Bicycles | B5: 23
A6: Haro | B6: 10
A7: Strider | B7: 3
A8: Heller | B8: 3
A9: Pure Cycles | B9: 3
A10: Ritchey | B10: 1
A11: Grand Total | B11: 321
A13: Row Labels | B13: Average of list_price
A14: Trek | B14: 2500.0641
A15: Heller | B15: 2172.9967
A16: Surly | B16: 1331.7536
A17: Electra | B17: 761.00619
A18: Ritchey | B18: 749.99
A19: Haro | B19: 621.99
A20: Sun Bicycles | B20: 524.46826
A21: Pure Cycles | B21: 442.33333
A22: Strider | B22: 209.99
A23: Grand Total | B23: 1520.5914
